headline,news,link,time 
FPIs go shopping: Markets rebound in mega relief rally,There was some cheer from the expected revision of India’s weight in the MSCI. “We estimate MSCI India's weight in EM to rise by 55bps.,https://www.financialexpress.com/market/fpis-go-shopping-markets-rebound-in-mega-relief-rally/1921738/,Apr 08  2020
Analyst’s Corner: TVS Motors; Maintain ‘sell’| fair value at Rs 240,We have cut our earnings estimates by 16-35% for FY20-22E due to cut in our volume and Ebitda margin estimates because of concerns on the Covid-19 outbreak and sharp rise in costs related to BS-VI nor,https://www.financialexpress.com/market/analysts-corner-tvs-motors-maintain-sell-fair-value-at-rs-240/1921688/,Apr 08  2020
Analyst’s Corner: ‘Buy’ on Godrej Properties; target price at Rs 721,While GPL’s FY20 sales bookings were in line with our estimates| we have cut our FY21-22E sales volume estimates by 30% each to ~9-10msf. ,https://www.financialexpress.com/market/analysts-corner-buy-on-godrej-properties-target-price-at-rs-721/1921704/,Apr 08  2020
RIL| HDFC| Infosys shares may be hit by MSCI index rejig| even as Indian equities get Rs 50|000 crore,MSCI revision could bring windfall gains to shares of certain companies including Kotak Mahindra Bank| IGL and Biocon| but at the same time| may cut the heft of heavyweight stocks such as Reliance Ind,https://www.financialexpress.com/market/ril-hdfc-infosys-shares-may-be-hit-by-msci-index-rejig-even-as-indian-equities-get-rs-50000-crore/1921573/,Apr 07  2020
Sensex| Nifty record biggest 1-day percentage gain in 11 yrs; check what intensified last hour surge,S&P BSE Sensex gained 2|476 points or 8.97 per cent at 30|067| while the broader Nifty 50 finished at 8|785| up 702 points or 8.69 per cent,https://www.financialexpress.com/market/sensex-nifty-record-biggest-1-day-percentage-gain-in-11-yrs-check-what-intensified-last-hour-surge/1921402/,Apr 07  2020
BSE revises cut-off timings for MF subscription| redemption on StAR MF platform,In case of subscription of liquid and overnight schemes| BSE said new timing for L0 transactions on the StAR MF platform will be 12 noon and 1 pm for normal transactions (for both subscription and red,https://www.financialexpress.com/market/bse-revises-cut-off-timings-for-mf-subscription-redemption-on-star-mf-platform/1921384/,Apr 07  2020
Indian share market set for Rs 50|000 crore foreign buying; MSCI rejig to open floodgates for funds,A regulatory change that has paved the way for an increased foreign portfolio investment (FPI) limit in various public listed companies| could help the Indian share markets tap foreign funds worth ove,https://www.financialexpress.com/market/indian-share-market-set-for-rs-50000-crore-foreign-buying-msci-rejig-to-open-floodgates-for-funds/1921379/,Apr 07  2020
These 87 stocks hit 52-week lows on NSE even as Sensex| Nifty continue with bull run on D-Street,IndusInd Bank| Axis Bank| ICICI Bank| Maruti Suzuki and Nestle India were among the top gainers on the NSE,https://www.financialexpress.com/market/these-87-stocks-hit-52-week-lows-on-nse-even-as-sensex-nifty-continue-with-bull-run-on-d-street/1921314/,Apr 07  2020
Increasing deposits| loans help HDFC Bank share price jump 8%| Kotak Mahindra Bank stock gains as well,After reporting a jump in deposits and advances during the last quarter of financial year 2020| India’s largest private sector lender| HDFC Bank saw its share price jump up by 7.7 per cent to trade ,https://www.financialexpress.com/market/hdfc-bank-share-price-gains-7-kotak-mahindra-bank-follows-helped-by-jump-in-deposits-and-advances/1921166/,Apr 07  2020
Investors wealth jumps Rs 6 lakh crore as Sensex| Nifty gain over 6% on Tuesday,The rally in S&P BSE Sensex was mainly driven by the gains in private bank stocks| where IndusInd Bank gained 15 per cent| Axis Bank share price was up 12 per cent and shares of ICICI Bank were tradin,https://www.financialexpress.com/market/investors-wealth-jumps-rs-6-lakh-crore-as-sensex-nifty-gain-over-6-on-tuesday/1921155/,Apr 07  2020
Gold price today above Rs 45|000| soars 20% in less than a month; should you buy or sell,Gold prices in India hit record high on Tuesday as the coronavirus cases in the country surpassed 4|000-mark| making riskier assets such as equities less lucrative due to which investors rushed to saf,https://www.financialexpress.com/market/commodities/gold-price-today-above-rs-45000-soars-20-in-less-than-a-month-should-you-buy-or-sell/1921077/,Apr 07  2020
Sensex headed further down? Mutual fund CEO says downside limited; here’s what investors must do,Having fallen close to 40% from its all-time high| S&P BSE Sensex might have just reached the levels from where it will start to see an upward trajectory. ,https://www.financialexpress.com/market/sensex-headed-further-down-mutual-fund-ceo-says-downside-limited-heres-what-investors-must-do/1921044/,Apr 07  2020
Sensex| Nifty gain 5% after 3-day trading holiday; check what’s driving this rally on D-Street today,After a three-day trading holiday| headline indices Sensex and Nifty started the week with a uptick of nearly 5 per cent on Tuesday mirroring the gains in the global markets. S&P BSE Sensex was tr,https://www.financialexpress.com/market/sensex-nifty-gain-5-after-3-day-trading-holiday-check-whats-driving-this-rally-on-d-street-today/1920990/,Apr 07  2020
Market Highlights: Sensex jumps 2|476 pts to end above 30|000| Nifty tops 8|750; IndusInd Bank share price up 25%,Share Market News Today | Sensex| Nifty| Share Prices Highlights: All the 30 Sensex stocks ended in green today with IndusInd Bank as the top gainer with a growth of 22.60 per cent| followed by Axis ,https://www.financialexpress.com/market/share-market-today-live-updates-sensex-nifty-rupee-vs-dollar-sensex-nifty-back-after-three-day-share-market-holiday-growth-concern-coronavirus-impact-finmin-package-awaited-covid-19-april-7-tuesday/1920931/,Apr 07  2020
Bajaj Finance rating ‘buy; Correction the sharpest in the past decade,Despite near-term impact| growth story remains intact; FY21-22 EPS cut by average 20%; TP down to Rs 3|750.,https://www.financialexpress.com/market/bajaj-finance-rating-buy-correction-the-sharpest-in-the-past-decade/1920825/,Apr 07  2020
Analyst Corner: Coal India rating – ‘buy’; dispatches fell by 10.3% y-o-y in March,FY21/22e Ebitda down 25/4% given slump in power demand; CIL’s cash position a positive; ‘Buy’ retained with TP of Rs 202.,https://www.financialexpress.com/market/analyst-corner-coal-india-rating-buy-dispatches-fell-by-10-3-y-o-y-in-march/1920814/,Apr 07  2020
FPI pull out from equity markets hit India| Brazil benchmarks hard,Emerging markets such as China| Hong Kong| Thailand| South Korea and Thailand have been weighed down in the on-going global equities rout but not as much as the Indian markets.,https://www.financialexpress.com/market/fpi-pull-out-from-equity-markets-hit-india-brazil-benchmarks-hard/1920733/,Apr 07  2020
Bond yields could spike on big supply,Reserve Bank of India will have to step in| at some stage| with bond purchases to arrest a sharp rise in yields.,https://www.financialexpress.com/market/bond-yields-could-spike-on-big-supply/1920719/,Apr 07  2020
Edible oil imports down 32% in March: SEA,The association said that they are unable to compile the data for import of non-edible oils in the current situation. ,https://www.financialexpress.com/market/commodities/edible-oil-imports-down-32-in-march-sea/1920655/,Apr 07  2020
Analyst Corner: BEL – re-rating depends on working capital management,BEL has demonstrated strong execution capability over the years and is well placed in the current troublesome time of Covid-19.,https://www.financialexpress.com/market/bharat-electronics-bel-re-rating-depends-on-working-capital-management/1920596/,Apr 07  2020
Analyst Cornner: RBL Bank maintain ‘buy’ with a fair value of Rs 300,RBL Bank’s choice of riskier assets (retail and wholesale) and its higher share of dependence on wholesale liabilities have resulted in discussions moving on either sides of the balance sheet. ,https://www.financialexpress.com/market/analyst-cornner-rbl-bank-maintain-buy-with-a-fair-value-of-rs-300/1920586/,Apr 07  2020
Now you have to enter mutual fund purchases before this time for same day buying,After the RBI announced a change in trading hours for various markets| Securities and Exchange Board of India has decided to reduce the cut-off timing for subscription as well as redemption in various,https://www.financialexpress.com/market/cut-off-timing-for-mutual-fund-schemes-changed-by-sebi-check-revised-timings/1920629/,Apr 06  2020
Billions of dollars set to flow into Indian share market; Kotak Mahindra Bank stock may get $1.6 bln,Indian share markets are almost certain to get billions of dollars in foreign fund inflows| with the regulatory changes allowing for higher foreign portfolio investment limits in various companies.,https://www.financialexpress.com/market/billions-of-dollars-set-to-flow-into-indian-share-market-kotak-mahindra-bank-stock-may-get-1-6-bln/1920598/,Apr 06  2020
Petrol sales shrink 15.5%| diesel 24% in March as lockdown wipes demand,Petrol sales dropped to 1.943 million tonnes in March sold in the same month in 2019| according to provisional industry demand numbers.,https://www.financialexpress.com/market/petrol-sales-shrink-15-5-diesel-24-in-march-as-lockdown-wipes-demand/1920411/,Apr 06  2020
Post HUL-GSK merger| these brokerages turn bullish on Hindustan Unilever; check new target prices,Hindustan Unilever has pipped HDFC Bank to become India’s third-most valuable company in terms of market capitalisation. Brokerages have turned bullish on stock| check new target prices.,https://www.financialexpress.com/market/post-hul-gsk-merger-these-brokerages-turn-bullish-on-hindustan-unilever-check-new-target-prices/1920339/,Apr 06  2020
Online brokerages see spurt in business in March amid nationwide lockdown,The current crisis seems to be a blessing in disguise for these brokerages| as their number of clients as well as orders increased in March.,https://www.financialexpress.com/market/online-brokerages-see-spurt-in-business-in-march-amid-nationwide-lockdown/1920239/,Apr 06  2020
Time to rejig your mutual fund strategy: With dividend tax burden on investors now| here are options,As the changes proposed by Finance Minister Nirmala Sitharaman| in her budget speech earlier this year| come into effect| one major move is leaving investors troubled. ,https://www.financialexpress.com/market/time-to-rejig-your-mutual-fund-strategy-with-dividend-tax-burden-on-investors-now-here-are-options/1920201/,Apr 06  2020
Four share market Black Swan events that sunk Sensex more than half in last three decades,Markets reacting to economic fallout from the coronavirus is not new; there have been four other major 'Black Swan' events in the past three decades which made Sensex decline up to 58 per cent.,https://www.financialexpress.com/market/four-share-market-black-swan-events-that-sunk-sensex-more-than-half-in-last-three-decades/1920105/,Apr 06  2020
Should financial markets be closed amid coronavirus-led disruptions? Here’s why or why not,Closure of the financial market would have a negative impact on foreign institutional investors and this would erode their confidence and impact investment in the aftermath of the coronavirus crisis. ,https://www.financialexpress.com/market/should-financial-markets-be-closed-amid-coronavirus-led-disruptions-heres-why-or-why-not/1916080/,Apr 06  2020
Worried about your equity portfolio being deep in red? Three steps that could help in the long run,While a lot has been written and spoken about the impact of this crisis across the socio-economic strata| the immediate visibility of the same is seen in the performance of the stock markets. ,https://www.financialexpress.com/market/cafeinvest/worried-about-your-equity-portfolio-being-deep-in-red-three-steps-that-could-help-in-the-long-run/1919865/,Apr 06  2020
Stock markets rebound on easing coronavirus crisis but oil dips,Analysts warned there were doubts that the US would take part in them| which could be a major sticking point for Moscow and Riyadh.,https://www.financialexpress.com/market/asian-markets-lifted-by-hopes-on-coronavirus-but-oil-in-retreat/1919874/,Apr 06  2020
Analysts Corner | IndusInd Bank rating ‘buy’; liability weakness comes to the fore,Deposit outflow post Yes Bank crisis a surprise; corrective steps raise hope; valuations offer comfort; ‘Buy’ retained.,https://www.financialexpress.com/market/analysts-corner-indusind-bank-rating-buy-liability-weakness-comes-to-the-fore/1918495/,Apr 06  2020
CAI retains March crop estimate for 2019-20 season at 354.5 lakh bales,The CAI has estimated cotton consumption during October 2019 to March 2020 at 154.00 lakh bales| while the export shipment up to March 31 is 31 lakh bales| its president Atul Ganatra said.,https://www.financialexpress.com/market/commodities/cai-retains-march-crop-estimate-for-2019-20-season-at-354-5-lakh-bales/1920635/,Apr 06  2020
Analyst Corner: Apollo Hospitals rating ‘buy’; performance to be hit in the near term,FY20/21/22e Ebitda down 4.1/15.1/4.5%; TP cut to Rs 1|550; ‘Buy’ maintained.,https://www.financialexpress.com/market/analyst-corner-apollo-hospitals-rating-buy-performance-to-be-hit-in-the-near-term/1919625/,Apr 06  2020
Analysts corner | Hero Motocorp rating ‘buy; Correction offers investors an opportunity,Company focus shifts to contingencies; likely to gain from possible rural recovery in H2FY21; ‘Buy’ retained.,https://www.financialexpress.com/market/analysts-corner-hero-motocorp-rating-buy-correction-offers-investors-an-opportunity/1918518/,Apr 06  2020
PNB looks to tap market in Q3 of FY21; may raise capital via bond| FPO| rights issue,The government provided Rs 16|091 crore to PNB and Rs 1|666 crore to United Bank of India in September for enhancing the capital base of these two lenders.,https://www.financialexpress.com/market/pnb-looks-to-tap-market-in-q3-of-fy21-may-raise-capital-via-bond-fpo-rights-issue/1919455/,Apr 05  2020
Dharmendra Pradhan speaks to US Energy Secretary on slump in fuel demand due to Covid-19,Since the outbreak of coronavirus| countries across the globe have placed restrictions and announced lockdowns| which have shut businesses and stopped both air as well as road travel. ,https://www.financialexpress.com/market/dharmendra-pradhan-speaks-to-us-energy-secretary-on-slump-in-fuel-demand-due-to-covid-19/1919437/,Apr 05  2020
SBI Mutual Fund now bigger than HDFC| ICICI; here are India’s top 5 fund houses by asset sizes,India’s mutual fund asset base| having 44 fund houses| increased from Rs 24.5 lakh crore in March quarter 2019 and Rs 26.77 lakh crore in December quarter last year to over Rs 27 lakh crore in the M,https://www.financialexpress.com/market/sbi-mutual-fund-now-bigger-than-hdfc-icici-here-are-indias-top-5-fund-houses-by-asset-sizes/1918729/,Apr 04  2020
RBI will have to consider buying corporate bonds directly from market| says Dhawal Dalal,Global central bankers like US Federal Reserve (Fed) and European Central Bank (ECB) have announced facilities to buy corporate bonds from the markets| unlike in India where the Reserve Bank of India ,https://www.financialexpress.com/market/rbi-will-have-to-consider-buying-corporate-bonds-directly-from-market-says-dhawal-dalal/1918631/,Apr 04  2020
Gold shines bright in FY20 clocking 30% returns,Gold closed at Rs 40|989 per 10 gram on March 31 at MCX| taking the returns generated by the yellow metal to 29.7%.,https://www.financialexpress.com/market/commodities/gold-shines-bright-in-fy20-clocking-30-returns/1918623/,Apr 04  2020
Markets mayhem: Financials drag indices down on heavy selling,The biggest losers on Nifty were Axis Bank| ICICI Bank| IndusInd Bank| Titan and Shree Cement,https://www.financialexpress.com/market/markets-mayhem-financials-drag-indices-down-on-heavy-selling/1918616/,Apr 04  2020
Markets tumble: Investors stay in risk-off mode,The fall in financial stocks contributed nearly two-thirds to the Sensex’s 674.36-point decline. The Bank Nifty slid 5.3% or 959 points on Friday to settle at 17|249.30; the gauge is nowdown 47% fro,https://www.financialexpress.com/market/markets-tumble-investors-stay-in-risk-off-mode/1918526/,Apr 04  2020
Petronet LNG Rating ‘BUY’| Kotak Institutional Equities says stock’s valuations are attractive,Lockdown blip covered by force majeure pacts; EPS for FY20-22e down 3-14%; TP revised to Rs 300.,https://www.financialexpress.com/market/petronet-lng-rating-buy-kotak-institutional-equities-says-stocks-valuations-are-attractive/1918520/,Apr 04  2020
Mahindra & Mahindra Rating: Buy| Market is undervaluing the business| says HSBC,Multiple potential triggers could yield substantial returns; given challenges| TP reduced to Rs 500 from Rs 770; ‘Buy’ maintained.,https://www.financialexpress.com/market/mahindra-mahindra-rating-buy-market-is-undervaluing-the-business-says-hsbc/1918457/,Apr 04  2020
Analysts Corner | Axis Bank: ‘Buy’ with a fair value of Rs 620,Axis Bank has two tailwinds favouring it currently.,https://www.financialexpress.com/market/analysts-corner-axis-bank-buy-with-a-fair-value-of-rs-620/1918453/,Apr 04  2020
Analysts Corner | Aurobindo Pharma: Maintain ‘buy’ with a TP of Rs 485,The termination of Sandoz deal would impact the growth outlook in near term. However| we remain positive on Aurobindo’s track record of continuously growing US generic business| maintaining margin p,https://www.financialexpress.com/market/analysts-corner-aurobindo-pharma-maintain-buy-with-a-tp-of-rs-485/1918440/,Apr 04  2020
Bond yields rise as market participants worry over additional supply of bonds,RBI also notified the third tranche of its three-year TLTROs worth Rs 25|000 crore that will be conducted on April 9. ,https://www.financialexpress.com/market/bond-yields-rise-as-market-participants-worry-over-additional-supply-of-bonds/1918399/,Apr 04  2020
Investor wealth tumbles Rs 4.82 lakh crore in two days of market fall,Axis Bank was the top loser in the Sensex pack| dropping 9.16 per cent| followed by IndusInd Bank| ICICI Bank| Titan| SBI| Maruti and HDFC.,https://www.financialexpress.com/market/investor-wealth-tumbles-rs-4-82-lakh-crore-in-two-days-of-market-fall-axis-bank-shares-hdfc-share-market-news/1918326/,Apr 03  2020
FPI limit hike paves way for foreign fund flows into Indian shares| after MSCI defers raising India weight,After Morgan Stanley Capital Investment deferred the decision to rejig India’s weightage in its global indices| National Securities Depository Ltd and Central Depository Services Ltd on Friday revi,https://www.financialexpress.com/market/fpi-limit-hike-paves-way-for-foreign-fund-flows-into-indian-shares-after-msci-defers-raising-india-weight/1918223/,Apr 03  2020
CNG| piped cooking gas price in Delhi| adjoining cities cut,IGL| which had rationalised operation of its CNG stations in view of slump in demand following vehicles going off-road due to Covid-19 lockdown| said the rationalised CNG services for public fueling s,https://www.financialexpress.com/market/commodities/cng-piped-cooking-gas-price-in-delhi-adjoining-cities-cut/1918221/,Apr 03  2020
RBI cuts trading hours for money| other financial markets; cites these risks,RBI cuts down trading hours for various markets to minimise risks due to coronavirus. ,https://www.financialexpress.com/market/rbi-cuts-trading-hours-for-money-other-financial-markets-cites-these-risks/1918130/,Apr 03  2020
Lockdown effect: Opportunity to accumulate good quality stocks for long-term investment perspective,Tough conditions also provide an opportunity to accumulate good quality stocks for the long term. Historically| tough conditions have not lasted too long.,https://www.financialexpress.com/market/cafeinvest/lockdown-effect-opportunity-to-accumulate-good-quality-stocks-for-long-term-investment-perspective/1918068/,Apr 03  2020
ICICI Bank| HDFC| Infosys drag Nifty below 8|100 in today’s trade| check what pulled Dalal Street lower,The developments in the US| the events around oil prices and gold| and also the additional domestic fiscal measures would be the key factors which the markets would be watching as we move on to the ne,https://www.financialexpress.com/market/icici-bank-hdfc-infosys-drag-nifty-below-8100-in-todays-trade-check-what-pulled-dalal-street-lower/1918137/,Apr 03  2020
India’s market cap-to-GDP ratio falls close to global financial crisis levels,On the back of a sluggish performance that saw benchmark index NSE Nifty 50 fall 23% in the month of March| Indian market cap-to-GDP ratio for financial year 2019-20 has taken a severe beating.,https://www.financialexpress.com/market/indias-market-cap-to-gdp-ratio-falls-close-to-global-financial-crisis-levels/1918071/,Apr 03  2020
CNG| piped cooking gas price in Delhi| adjoining cities cut,IGL| which had rationalised operation of its CNG stations in view of slump in demand following vehicles going off-road due to Covid-19 lockdown| said the rationalised CNG services for public fueling s,https://www.financialexpress.com/market/commodities/cng-piped-cooking-gas-price-in-delhi-adjoining-cities-cut/1918221/,Apr 03  2020
RBI cuts trading hours for money| other financial markets; cites these risks,RBI cuts down trading hours for various markets to minimise risks due to coronavirus. ,https://www.financialexpress.com/market/rbi-cuts-trading-hours-for-money-other-financial-markets-cites-these-risks/1918130/,Apr 03  2020
Lockdown effect: Opportunity to accumulate good quality stocks for long-term investment perspective,Tough conditions also provide an opportunity to accumulate good quality stocks for the long term. Historically| tough conditions have not lasted too long.,https://www.financialexpress.com/market/cafeinvest/lockdown-effect-opportunity-to-accumulate-good-quality-stocks-for-long-term-investment-perspective/1918068/,Apr 03  2020
ICICI Bank| HDFC| Infosys drag Nifty below 8|100 in today’s trade| check what pulled Dalal Street lower,The developments in the US| the events around oil prices and gold| and also the additional domestic fiscal measures would be the key factors which the markets would be watching as we move on to the ne,https://www.financialexpress.com/market/icici-bank-hdfc-infosys-drag-nifty-below-8100-in-todays-trade-check-what-pulled-dalal-street-lower/1918137/,Apr 03  2020
India’s market cap-to-GDP ratio falls close to global financial crisis levels,On the back of a sluggish performance that saw benchmark index NSE Nifty 50 fall 23% in the month of March| Indian market cap-to-GDP ratio for financial year 2019-20 has taken a severe beating.,https://www.financialexpress.com/market/indias-market-cap-to-gdp-ratio-falls-close-to-global-financial-crisis-levels/1918071/,Apr 03  2020
BPCL share price gains 4%| IOC| HPCL stay in red as stocks react to the fall in crude oil prices,With crude oil prices falling close to 3%| a day after registering a 20% jump| oil marketing companies (OMC)| paint manufacturers| natural gas distributors and domestic crude explorers are sending mix,https://www.financialexpress.com/market/bpcl-share-price-gains-4-ioc-hpcl-stay-in-red-as-stocks-react-to-the-fall-in-crude-oil-prices/1917908/,Apr 03  2020
These 17 stocks on BSE| 5 scrips on NSE hit 52-week highs in weak market today,As many as 112 securities hit 52-week lows on NSE in Friday's session. These include AU Small Finance Bank| Cummins India| Eicher Motors| PVR Limited| Shree Cement and TVS Motor Company,https://www.financialexpress.com/market/these-17-stocks-on-bse-5-scrips-on-nse-hit-52-week-highs-in-weak-market-today/1917891/,Apr 03  2020
India’s place in global markets at stake in coronavirus response,“India’s response to the pandemic will play an important part in determining its ability to attract foreign capital|” said Marcelo Assalin| head of emerging markets debt at fund manager William ,https://www.financialexpress.com/market/indias-place-in-global-markets-at-stake-in-coronavirus-response/1917807/,Apr 03  2020
Gold prices jump 1% on Friday as investors rush to safe-havens amid coronavirus pandemic,On MCX| gold June futures were trading Rs 350 or 0.81 per cent higher at Rs 43|590 per 10 grams| while silver may futures were ruling at Rs 40|930 per kg| up Rs 1|058 or 2.65 per cent.,https://www.financialexpress.com/market/commodities/gold-prices-jump-1-on-friday-as-investors-rush-to-safe-havens-amid-coronavirus-pandemic/1917811/,Apr 03  2020
Promoters buy crores of rupees of Tata group shares| as market fall puts stocks on fire sale,Tata Sons chairman Natarajan Chandrasekaran recently bought as much as Rs 20 crore worth of shares of Tata group companies including Tata Steel and Tata Motors| as a sharp stock market correction seem,https://www.financialexpress.com/market/chairman-chandra-buys-crores-of-rupees-of-tata-group-shares-as-market-fall-puts-stocks-on-fire-sale/1917764/,Apr 03  2020
Sensex cracks 450 pts as bad news on coronavirus takes over the optimism; key factors from today’s trade,Investor's confidence is continuously being impacted due to mounting fear of global recession| rising cases of COVID-19 and weak macros leading to selling in global markets including India,https://www.financialexpress.com/market/sensex-slips-450-pts-whats-dragging-d-st-even-as-india-to-get-1-bn-emergency-fund-from-world-bank/1917718/,Apr 03  2020
Oil dips after record rally| Asian stocks mixed as weekend looms,With the number of people with COVID-19 topping a million and the death toll continuing to climb| investors remain hostage to uncertainty as they try to gauge the long-term economic impact of the pand,https://www.financialexpress.com/market/commodities/oil-dips-after-record-rally-asian-stocks-mixed-as-weekend-looms/1917695/,Apr 03  2020
Assam looks forward to reopening tea estates for fresh supplies to market,Arun Kumar Ray| deputy chairman| Tea Board of India| told FE that the state government will have to do the coronavirus management.,https://www.financialexpress.com/market/assam-looks-forward-to-reopening-tea-estates-for-fresh-supplies-to-market/1917655/,Apr 03  2020
Groundnut oil prices surge on raw material supply chain disruption,“Agriculture Produce Market Committees (APMCs) across Gujarat are closed or functioning partially. There has been dearth of labourers. Due to inadequate transport facilities| farmers too are not abl,https://www.financialexpress.com/market/commodities/groundnut-oil-prices-surge-on-raw-material-supply-chain-disruption/1917650/,Apr 03  2020
Global cereal markets likely to remain comfortable in 2020,It added that localised disruptions| largely due to logistical issues| pose challenges to food supply chains in some markets and their anticipated duration and magnitude are unlikely to have a signifi,https://www.financialexpress.com/market/global-cereal-markets-likely-to-remain-comfortable-in-2020/1917641/,Apr 03  2020
FAO warning: Basmati rice exporters ask Centre not to ban exports of the cereal,In the midst of the Covid-19 lockdowns| every effort must be made to ensure that trade flows as freely as possible| specially to avoid any food shortage| they said.,https://www.financialexpress.com/market/fao-warning-basmati-rice-exporters-ask-centre-notto-ban-exports-of-the-cereal/1917636/,Apr 03  2020
Market LIVE: Sensex ends 674 points down| Nifty settles below 8|100; Private bank stocks| Maruti lead the fall,Share Market News Today | Sensex| Nifty| Share Prices LIVE: As many as 21 stocks out of 30 Sensex stocks settled in deep sea of red with Axis Bank as the top Sensex loser| down 8.86 per cent| followed,https://www.financialexpress.com/market/share-market-today-live-updates-sensex-nifty-rupee-vs-dollar-un-global-economy-shrink-india-manufacturing-activity-coronavirus-covid-19-crude-oil-price-april-3-friday/1917618/,Apr 03  2020
Plummeting to record level: Profit falls to 20 cents/ barrel for private crude producers,The price of Indian basket of crude fell 69% to $22/barrel on March 31 since the January 8 peak of $69.95/barrel it touched in 2020| dragging down the profit share of contractors. ,https://www.financialexpress.com/market/plummeting-to-record-level-profit-falls-to-20-cents-barrel-for-private-crude-producers/1917544/,Apr 03  2020
Analyst Corner: Maintain ‘neutral’ on Hero MotoCorp; TP at Rs 2|000,The near-term outlook is challenging amid economic stress across sectors due to the lockdown| which has added pain to the already weak demand environment and anomalies due to the BS VI transition.,https://www.financialexpress.com/market/analyst-corner-maintain-neutral-on-hero-motocorp-tp-at-rs-2000/1917467/,Apr 03  2020
How India’s troubled banks are performing under RBI watch| amid falling market share| profits,The five banks under the careful watch of RBI| as on March 31| have although seen a jump in income| their profits are still dwindling in the negative territory| a report by Care Ratings points out.,https://www.financialexpress.com/market/banking-finance/how-indias-troubled-banks-are-performing-under-rbi-watch-amid-falling-market-share-profits/1917329/,Apr 02  2020
Lockdown| plants shutdown hit car sales hard| this brokerage firm sees up to 64% upside on auto stocks,Research and brokerage firm Motilal Oswal is bullish on auto stocks with an upside up to 64 per cent. According to the estimates collated by SIAM last week| the auto industry will suffer a production ,https://www.financialexpress.com/market/lockdown-plants-shutdown-hit-car-sales-hard-this-brokerage-firm-sees-up-to-64-upside-on-auto-stocks/1917214/,Apr 02  2020
IPO| institutional share issues value jumps 62% in FY20; QIPs alone account for over Rs 51|000 crore,Indian equity markets were able to better their performance when it came to raising money via IPOs| OFS and QIPs along with other capital raising tools in the last financial year 2019-20| injecting a ,https://www.financialexpress.com/market/ipo-institutional-share-issues-value-jumps-62-in-fy20-qips-alone-account-for-over-rs-51000-crore/1917165/,Apr 02  2020
Old Basel II bonds catch debt investors’ attention as Yes Bank AT1 fiasco highlights Basel III risks,Under Basel III norms| the Additional Tier 1 bonds are required to absorb capital losses while the bank remains a going concern.,https://www.financialexpress.com/market/old-basel-ii-bonds-catch-debt-investors-attention-as-yes-bank-at1-fiasco-highlights-basel-iii-risks/1917104/,Apr 02  2020
COVID-19: Sebi extends deadline for comments on proposed relaxation in QIP| delisting norms,Securities and Exchange Board of India (Sebi) had sought comments on these two proposals till April 15.,https://www.financialexpress.com/market/covid-19-sebi-extends-deadline-for-comments-on-proposed-relaxation-in-qip-delisting-norms/1916704/,Apr 02  2020
SBI lists $100 million green bonds on India INX,BSE's India International Exchange (India INX) on Thursday said state-owned SBI has listed green bonds of USD 100 million (about Rs 750 crore) on its debt listing platform. ,https://www.financialexpress.com/market/sbi-lists-100-million-green-bonds-on-india-inx/1917098/,Apr 02  2020
Gold up for sixth consecutive quarter. Investors be prepared for choppy trend in near-term,Many investors were forced to liquidate gold positions in order to raise cash to cover losing equity and to meet margin calls. ,https://www.financialexpress.com/market/cafeinvest/gold-up-for-sixth-consecutive-quarter-investors-be-prepared-for-choppy-trend-in-near-term/1916961/,Apr 02  2020
Asian markets extend Wall Street losses as traders eye growing coronavirus crisis,Donald Trump's COVID-19 task force has warned the US could see almost a quarter of a million deaths and the president warned of a "horrific" couple of weeks ahead.,https://www.financialexpress.com/market/asian-markets-extend-wall-street-losses-as-traders-eye-growing-coronavirus-crisis/1916763/,Apr 02  2020
In times of volatility and panic| don’t forget to sanitize your mutual funds portfolio,Very few good mutual funds schemes are available| and if we use proper “reference” to select mutual funds schemes| we would have been able to reduce the loss to capital. ,https://www.financialexpress.com/market/cafeinvest/in-times-of-volatility-and-panic-dont-forget-to-sanitize-your-mutual-funds-portfolio/1916710/,Apr 02  2020
Government permits import of 7 lakh tonne of pulses,A production target of 26.30 million tonne for pulses and grains was set by the Union government for the year 2019-20. ,https://www.financialexpress.com/market/commodities/government-permits-import-of-7-lakh-tonne-of-pulses/1916633/,Apr 02  2020
Corona crisis: India VIX declines but market experts say worst not over,The VIX measures the fluctuations expected in the underlying index| which is Nifty in the near term,https://www.financialexpress.com/market/corona-crisis-india-vix-declines-but-market-experts-say-worst-not-over/1916653/,Apr 02  2020
Analyst Corner: Thermax: ‘Neutral’|TPat Rs 855,TMX has significant operations in Pune| and even prior to the nationwide lockdown| it had started implementing work-from-home and other precautionary measures due to early detection of Covid-19 patien,https://www.financialexpress.com/market/analyst-corner-thermax-neutraltpat-rs-855/1916648/,Apr 02  2020
Sensex starts FY21 with 1|203-point plunge; banks| IT stocks hammered,The daily turnover in the futures and options (F&O) segment for the Nifty was Rs 12.4 lakh crore. ,https://www.financialexpress.com/market/sensex-starts-fy21-with-1203-point-plunge-banks-it-stocks-hammered/1916603/,Apr 02  2020
Promoters buy shares in Edelweiss Financial Services,Shares of Edelweiss Financial Services hit the upper circuit of 5% after promoters increased their stake in the company.,https://www.financialexpress.com/market/promoters-buy-shares-in-edelweiss-financial-services/1916508/,Apr 02  2020
Asian Development Bank sells USD 4.5 bn bonds,The Asian Development Bank (ADB) on Wednesday said it has sold USD 4.5 billion global bonds| its largest-ever single tranche outing.,https://www.financialexpress.com/market/asian-development-bank-sells-usd-4-5-bn-bonds/1916411/,Apr 01  2020
With markets stuck in a range| charts are suggesting support for this stock’s recent surge,After falling sharply for several weeks and bouncing back sharply from the lows of 7511 last week| this week began on a quiet note as the Nifty traded in a range between the 8199-8679 levels. ,https://www.financialexpress.com/market/cafeinvest/with-markets-stuck-in-a-range-charts-are-suggesting-support-for-this-stocks-recent-surge/1916280/,Apr 01  2020
Investor wealth erodes Rs 3.20 lakh crore on first trade of FY21 as markets tumble,Investors' confidence is continuously being impacted due to mounting fear of global recession| rising cases of COVID-19 and weak macros leading to selling in the global markets including India| he add,https://www.financialexpress.com/market/investor-wealth-erodes-rs-3-20-lakh-crore-on-first-trade-of-fy21-as-markets-tumble/1916214/,Apr 01  2020
Low crude oil prices and high marketing margins: Is it time to buy oil and gas stocks? Top picks,Falling crude oil prices might help India trim down the spiking inflation but oil marketing companies have been witnessing a slumping demand owing to the 21-day lockdown.,https://www.financialexpress.com/market/low-crude-oil-prices-and-high-marketing-margins-is-it-time-to-buy-oil-and-gas-stocks-top-picks/1916180/,Apr 01  2020
IOC declares force majeure on oil purchases from Saudi Arabia| UAE| Iraq| Kuwait,A force majeure event refers to the occurrence of an event that is outside the reasonable control of a party and which prevents that party from performing its obligations under a contract.,https://www.financialexpress.com/market/ioc-declares-force-majeure-on-oil-purchases-from-saudi-arabia-uae-iraq-kuwait/1916147/,Apr 01  2020
Nifty settles below 8|300| indices end at one-week lows| key things to know from today’s trade,Erasing gains from March 31| headline indices Sensex and Nifty ended over 4 per cent lower on the first day of the financial year 2020-21 led by heavy sell-off in index heavyweights.,https://www.financialexpress.com/market/nifty-settles-below-8300-indices-end-at-one-week-lows-key-things-to-know-from-todays-trade/1916038/,Apr 01  2020
Today’s top gainer on BSE Sensex is down 33% so far this year| here’s what made it rally,After plummeting 33% since the beginning of this year| Hero Motocorp has suddenly de-aligned its path from that of the benchmark S&P BSE Sensex which tanked 1200 points on Wednesday. ,https://www.financialexpress.com/market/todays-top-gainer-on-bse-sensex-is-down-33-so-far-this-year-what-made-it-rally/1915973/,Apr 01  2020
Sebi slaps Rs 55-lakh fine on 11 entities for fraudulent trade in Unisys Software’ shares,Market regulator Sebi has imposed a penalty totalling Rs 55 lakh on 11 entities for indulging in fraudulent trading in the scrip of Unisys Software and Holding Industries Ltd. ,https://www.financialexpress.com/market/sebi-slaps-rs-55-lakh-fine-on-11-entities-for-fraudulent-trade-in-unisys-software-shares/1915972/,Apr 01  2020
Asian stocks suffer sell-off as coronavirus uncertainty casts shadow,Oil slipped| as Saudi Arabia began ramping up output of the black gold as it presses on with a price war with Russia. However| there was some support after Trump said the two would hold talks| as he f,https://www.financialexpress.com/market/asian-stocks-suffer-sell-off-as-coronavirus-uncertainty-casts-shadow/1915901/,Apr 01  2020
This large cap telecom stock delivered 34% gain in FY20| brokerages see up to 40% upside. Check target price,Following the coronavirus outbreak| SC AGR ruling and 21-day nationwide lockdown| Bharti Airtel share price has fallen around 29 per cent from its 52-week high of Rs 568.60 touched in the second month,https://www.financialexpress.com/market/this-large-cap-telecom-stock-delivered-34-gain-in-fy20-brokerages-see-up-to-40-upside-check-target-price/1915899/,Apr 01  2020
Where to invest in new financial year 2020-21? As world economy slows down| experts find opportunities,Even as investors recently lost most of the gains made during the first half of the previous fiscal| market participants are busy chalking out plans on how to tide over the troubles that the new finan,https://www.financialexpress.com/market/where-to-invest-in-new-financial-year-2020-21-as-world-economy-slows-down-experts-find-opportunities/1915805/,Apr 01  2020
Oil price war may end soon due to this reason; crude prices record largest quarterly fall in Q4,At present| high supply and the crisis of demand have led the oil prices in the global market to hover around $20 per barrel| which is at an 18-year low.,https://www.financialexpress.com/market/commodities/oil-price-war-may-end-soon-due-to-this-reason-crude-prices-record-largest-quarterly-fall-in-q4/1915678/,Apr 01  2020
Stock markets’ woes to get deeper as Jim Rogers expects worst bear mkt in coming years,He noted companies with a strong market share also tend to emerge relatively unscathed| unless they are highly leveraged. For now| he has “a lot of cash” in U.S. dollars| some Chinese and Russian ,https://www.financialexpress.com/market/stock-markets-woes-to-get-deeper-as-jim-rogers-expects-worst-bear-mkt-in-coming-years/1915707/,Apr 01  2020
These 5 stocks gained up to 109% in FY20 even as Sensex| Nifty posted worst performance in over a decade,Five such stocks that have outperformed the Nifty50 in the past financial year and have been resilient despite tough economic conditions,https://www.financialexpress.com/market/these-5-stocks-gained-up-to-109-in-fy20-even-as-sensex-nifty-posted-worst-performance-in-over-a-decade/1915677/,Apr 01  2020
Sensex| Nifty drop over 2% on first day of FY21; check what’s pulling Dalal Street lower today,Market expected to be very volatile with first half of the year likely to be on more downside and impact of COVID19 would be known in next few months,https://www.financialexpress.com/market/sensex-nifty-drop-over-2-on-first-day-of-fy21-check-whats-pulling-dalal-street-lower-today/1915652/,Apr 01  2020
Analysts Corner: ‘Neutral’ on Thermax; TP at Rs 855,We cut our FY20-22 earnings estimate by 8-22% and Sep’21E EPS based TP to Rs 855. Note that we forecast FY21 PBT to decline marginally by 2% (PAT growth of 17% driven by tax rate) and see further ri,https://www.financialexpress.com/market/analysts-corner-neutral-on-thermax-tp-at-rs-855/1915580/,Apr 01  2020
Share Market LIVE: Sensex ends below 29k| slips 1|200 points| Nifty below 8|300; pvt bank| IT stocks worst hit,Share Market News Today | Sensex| Nifty| Share Prices LIVE: All the sectoral indices were trading lower in Wednesday's trade. Nifty IT index was down 5.72 per cent weighed by Tech Mahindra| Mind Tree ,https://www.financialexpress.com/market/share-market-today-live-updates-sensex-nifty-rupee-vs-dollar-govt-misses-disinvestment-target-core-sector-growth-up-february-fii-fiscal-deficit-oil-prices-april-1-wednesday/1915576/,Apr 01  2020
Analysts Corner | Lupin: ‘Buy’ with a fair value of Rs 840,Valuations remain compelling with the stock now trading at ~5X FY2022 EV/Ebitda. ,https://www.financialexpress.com/market/analysts-corner-lupin-buy-with-a-fair-value-of-rs-840/1915577/,Apr 01  2020
After coronavirus crisis| Market’s leadership to change in FY21 as financials lose sheen,This suggests that investors will not be willing to pay premium valuations of up to 10 times price/book value for these behemoths anymore. ,https://www.financialexpress.com/market/after-coronavirus-crisis-markets-leadership-to-change-in-fy21-as-financials-lose-sheen/1915574/,Apr 01  2020
Coronavirus outbreak: 21 companies with 75% promoter holding pledged under scanner as share prices tank,In assessing LAS transactions| Ind-Ra evaluates two parameters| the probability of liquidation and the quantum of loss on liquidation.,https://www.financialexpress.com/market/coronavirus-outbreak-21-companies-with-75-promoter-holding-pledged-under-scanner-as-share-prices-tank/1915559/,Apr 01  2020
Inclusion of G-secs in Bloomberg-Barclays Global Aggregate Index may attract $6-7 bn: HSBC report,Five securities have been made eligible under the fully accessible route (FAR)| two maturing in 2024| two in 2029 and one security maturing in 2049. ,https://www.financialexpress.com/market/inclusion-of-g-secs-in-bloomberg-barclays-global-aggregate-index-may-attract-6-7-bn-hsbc-report/1915398/,Apr 01  2020
Inclusion of G-secs in Bloomberg-Barclays Global Aggregate Index may attract $6-7 bn: HSBC report,Five securities have been made eligible under the fully accessible route (FAR)| two maturing in 2024| two in 2029 and one security maturing in 2049. ,https://www.financialexpress.com/market/inclusion-of-g-secs-in-bloomberg-barclays-global-aggregate-index-may-attract-6-7-bn-hsbc-report/1915398/,Apr 01  2020
COVID-19 effect: Maharashtra govt to procure 10 lakh litres milk to overcome glut,Prakash Kutwal| secretary| Milk Producers and Processors' Welfare Federation| said that while the collection of milk has not been affected| sale of milk has dropped significantly.,https://www.financialexpress.com/market/commodities/covid-19-effect-maharashtra-govt-to-procure-10-lakh-litres-milk-to-overcome-glut/1915187/,Apr 01  2020
Estimate is that primary markets will be biggest beneficiary of TLTROs| says Axis AMC’s R Sivakumar,From our perspective| we see this as a big support not just to mutual funds| but also the support to the primary markets because 50% of the amount is to be used in primary markets and remaining 50% in,https://www.financialexpress.com/market/estimate-is-that-primary-markets-will-be-biggest-beneficiary-of-tltros-says-axis-amcs-r-sivakumar/1915225/,Apr 01  2020
Bond market participants worry over potential additional borrowing,Some reports had also indicated that government borrowing may remain light in April and had led to some amount of optimism getting built in the market on Tuesday.,https://www.financialexpress.com/market/bond-market-participants-worry-over-potential-additional-borrowing/1915354/,Apr 01  2020
Open to FPIs: H1 gross borrowing at Rs 4.88L crore; no spike in yields seen,RBI will also be conduct switching and buyback of securities through auction on third Monday of every month| Chakraborty said| adding these will total Rs 2.7 lakh crore for the whole of FY21.,https://www.financialexpress.com/market/open-to-fpis-h1-gross-borrowing-at-rs-4-88l-crore-no-spike-in-yields-seen/1915410/,Apr 01  2020
I don’t foresee problems in asset quality: Umesh Revankar| MD & CEO| Shriram Transport Finance,After a total lockdown| where virtually all vehicles were immobilised for some time| transport of essential and non-essential commodities has been allowed. ,https://www.financialexpress.com/market/i-dont-foresee-problems-in-asset-quality-umesh-revankar-md-ceo-shriram-transport-finance/1915446/,Apr 01  2020
Sensex rises 1|028 points as energy| FMCG stocks soar,All the sectoral indices on NSE were trading in the green with Nifty FMCG| Nifty Pharma| Nifty Metal| Nifty IT and Nifty Financial Service being the biggest gainers. ,https://www.financialexpress.com/market/sensex-rises-1028-points-as-energy-fmcg-stocks-soar/1915431/,Apr 01  2020
Govt slashes domestic gas prices by more than a quarter,Domestic natural gas production has already decreased 4.3% annually to 28|769 million metric standard cubic meter (mmscm) for the current financial year till February| mainly due to the ageing of the ,https://www.financialexpress.com/market/govt-slashes-domestic-gas-prices-by-more-than-a-quarter/1915438/,Apr 01  2020
Covid-19 to shrink global natural rubber demand by 8.2%| drag Indian price below Rs 100: Experts,“Increasing worries about the global economic tsunami are expected to dominate the sentiments in NR markets during April|” said RB Premadasa| secretary general| ANRPC|in his foreword to the March-,https://www.financialexpress.com/market/commodities/covid-19-to-shrink-global-natural-rubber-demand-by-8-2-drag-indian-price-below-rs-100-experts/1915181/,Apr 01  2020
Only 7 of the 13 IPOs in FY20 helped investors pocket gains| next fiscal could be worse,Of the 13 IPOs that entered the equity markets this fiscal| seven have gone on to register gains while the remaining six are trailing behind the issue price.,https://www.financialexpress.com/market/only-7-of-the-13-ipos-in-fy20-helped-investors-pocket-gains-next-fiscal-could-be-worse/1915099/,Mar 31  2020
This bank stock fell 76% year| analysts suggest investors to ‘buy’,The trouble started brewing for private sector lender IndusInd Bank when it posted its third quarter results for this fiscal. ,https://www.financialexpress.com/market/this-bank-stock-fell-76-year-analysts-suggest-investors-to-buy/1915065/,Mar 31  2020
Natural gas prices cut by steep 26%; huge dent in ONGC revenues,The price of gas produced from difficult fields such as deepsea too has been cut to USD 5.61 from USD 8.43 per mmBtu now.,https://www.financialexpress.com/market/natural-gas-prices-cut-by-steep-26-huge-dent-in-ongc-revenues/1915063/,Mar 31  2020
Anmi writes to Sebi to curtail trading hours for equity| derivatives market, It further said the suggested timings capture the US| Asian and few European markets| thereby covering their impact if any on the Indian markets. ,https://www.financialexpress.com/market/anmi-writes-to-sebi-to-curtail-trading-hours-for-equity-derivatives-market/1914934/,Mar 31  2020
New foreign investment category first step towards inclusion of INR bonds in global benchmarks| says DBS report,The Reserve Bank on Monday opened certain specified categories of government securities (G-Secs) for non-resident investors as part of an initiative to deepen the bond market.,https://www.financialexpress.com/market/new-foreign-investment-category-first-step-towards-inclusion-of-inr-bonds-in-global-benchmarks-says-dbs-report/1914861/,Mar 31  2020
3 FMCG shares that gained up to 49% in FY20| even as investors lose Rs 38 lakh crore in BSE stocks,Nestle India stock withstood the recent giant fall in the broader markets but still offers an attractive price level to outperform the market in the next one year.,https://www.financialexpress.com/market/3-fmcg-shares-that-gained-up-to-49-in-fy20-even-as-investors-lose-rs-38-lakh-crore-in-bse-stocks/1914844/,Mar 31  2020
Sensex| Nifty regain 90% of Monday’s losses| check what pushed Dalal Street higher today,Markets expected to be very volatile with the first half likely to see more downside and impact of COVID-19 would be known in next few months,https://www.financialexpress.com/market/sensex-nifty-regain-90-of-mondays-losses-check-what-pushed-dalal-street-higher-today/1914809/,Mar 31  2020
FPI investors turn net sellers for 2 years in a row for first time ever; lifetime high pullout in March,The heavy outflow of FPI in March has offset the investments made in the previous months and the annual FPI went into negative.,https://www.financialexpress.com/market/fpi-investors-turn-net-sellers-for-2-years-in-a-row-for-first-time-ever-lifetime-high-pullout-in-march/1914732/,Mar 31  2020
Only three sector indices outperformed Nifty50 in FY20 as bears took control; check top stocks,Expectations might have been high but the Nifty-50 failed to deliver this fiscal as it tanked 26%| hit by the coronavirus pandemic| which eroded 30% of Nifty’s value since the beginning of January 2,https://www.financialexpress.com/market/only-three-sector-indices-outperformed-nifty50-in-fy20-as-bears-took-control-check-top-stocks/1914663/,Mar 31  2020
Gold| silver prices edge higher on Tuesday as economic fallout from coronavirus cushions support,Lower interest rates and looser economic policy is likely to benefit gold prices. Market participants will keep an eye on the consumer confidence number from the US,https://www.financialexpress.com/market/commodities/gold-silver-prices-edge-higher-on-tuesday-as-economic-fallout-from-coronavirus-cushions-support/1914406/,Mar 31  2020
Nifty tops 8|450 level tracking global cues| check what’s driving Sensex 550 points higher today,As many as 27 stocks out of 30 Sensex stocks were trading in a positive territory| with Tata Steel as the top gainer| up 4.23 per cent| followed by Axis Bank| HDFC and ONGC,https://www.financialexpress.com/market/nifty-tops-8450-level-tracking-global-cues-check-whats-driving-sensex-550-points-higher-today/1914359/,Mar 31  2020
Corona scare: Sensex falls 1|375 points to close at 28|440; Nifty tanks to 8|281,Explaining the reason for the decline in banking and financial stocks| Ambareesh Baliga| an independent market expert| said that there are expectations in the market that the non-performing assets (NP,https://www.financialexpress.com/market/corona-scare-sensex-falls-1375-points-to-close-at-28440-nifty-tanks-to-8281/1914296/,Mar 31  2020
Market Highlights: Sensex ends FY20 on higher note| gains 1|028 pts| Nifty settles near 8|600; RIL| HDFC twins lead,Share Market News Today | Sensex| Nifty| Share Prices Highlights: As many as 25 stocks out of 30 Sensex stocks finished their trade in green today. ITC was the top Sensex gainer| up 7.84 per cent.,https://www.financialexpress.com/market/share-market-today-live-updates-sensex-nifty-rupee-vs-dollar-fitch-solutions-india-ratings-cut-india-gdp-growth-forecast-coronavirus-covid-19-rbi-fy21-lockdown-march-31-tuesday/1914297/,Mar 31  2020
SEA urges members to operate units| continue dispatches,BV Mehta| executive director| SEA| said that the country’s monthly consumption is to the tune of 19-20 lakh tonne per month. ,https://www.financialexpress.com/market/sea-urges-members-to-operate-units-continue-dispatches/1914292/,Mar 31  2020
Maharashtra mandis back in business,After a chaotic Friday when more than 15|000 people and 1|000 trucks arrived at Vashi’s APMC| things have become more manageable at Vashi with the police barricading the area to ensure proper distan,https://www.financialexpress.com/market/maharashtra-mandis-back-in-business/1914288/,Mar 31  2020
Government extends OALP timelines due to lockdown,Under OALP bid rounds| companies study the geographical data available of prospective areas| carve out blocks for interested area and submit EoIs.,https://www.financialexpress.com/market/government-extends-oalp-timelines-due-to-lockdown/1914273/,Mar 31  2020
See limited impact of Covid on asset quality: IndusInd,Steps taken by the government and the regulator will help control the fallout of the pandemic| Kathpalia added.,https://www.financialexpress.com/market/see-limited-impact-of-covid-on-asset-quality-indusind/1914263/,Mar 31  2020
FMCG index trades at lowest PE since 2011,Even as a nationwide lockdown would severely impair demand for many sectors| FMCG may continue to record growth this year. ,https://www.financialexpress.com/market/fmcg-index-trades-at-lowest-pe-since-2011/1914199/,Mar 31  2020
SEA seeks nod from Centre to directly purchase oilseeds from farmers,But| unfortunately| the mandis are not operating as auctions/ large gathering of people causing a challenge to maintain social distancing.,https://www.financialexpress.com/market/commodities/sea-seeks-nod-from-centre-to-directly-purchase-oilseeds-from-farmers/1914192/,Mar 31  2020
Equities tank erasing last week’s gains; banking| finance stocks lead fall,Non-banking financial companies (NBFCs) across the spectrum also witnessed a huge sell-off with Bajaj Finance and HDFC declining by 11.8% and 10.8%| respectively.,https://www.financialexpress.com/market/equities-tank-erasing-last-weeks-gains-banking-finance-stocks-lead-fall/1914174/,Mar 31  2020
Banks back in the bond market,Indeed| the central bank had notified during the auction of the first tranche of TLTRO that the funds availed under the facility would have to be deployed within 15 working days from the date of the o,https://www.financialexpress.com/market/banks-back-in-the-bond-market/1914170/,Mar 31  2020
Defaulter norm: Sebi issues directive to credit rating agencies,The relaxation announced by the market regulator is extended till the period of moratorium by the RBI.,https://www.financialexpress.com/market/defaulter-norm-sebi-issues-directive-to-credit-rating-agencies/1914119/,Mar 31  2020
Wooing non-residents: RBI paves way for India to join global bond Index,Of the five securities made eligible under FAR| two 5-year papers mature in 2024| two 10-year bonds mature in 2029 and one 30-year paper matures in 2049.,https://www.financialexpress.com/market/wooing-non-residents-rbi-paves-way-for-india-to-join-global-bond-index/1914103/,Mar 31  2020
Rabi wheat purchases by govt to start soon,Officials in Madhya Pradesh said farmers are not coming to grain mandis because of the fear of corona as well as enforcement at local levels. ,https://www.financialexpress.com/market/commodities/rabi-wheat-purchases-by-govt-to-start-soon/1914049/,Mar 31  2020
FPIs could relook at countries which introduce credible stimulus programmes| says Deepak Jasani| head of retail research at HDFC Securities,The impact of the virus spread is too early to be measured and react to| although everyone agrees that the impact on growth| consumption| earnings will be large and may take quite some time for recove,https://www.financialexpress.com/market/fpis-could-relook-at-countries-which-introduce-credible-stimulus-programmes-says-deepak-jasani-head-of-retail-research-at-hdfc-securities/1914019/,Mar 31  2020
Analyst Corner: Automobiles – wholesales to decline substantially in March,Sales were marginally lower as BS4 inventory is almost exhausted and customers are postponing purchases. ,https://www.financialexpress.com/market/analyst-corner-automobiles-wholesales-to-decline-substantially-in-march/1913950/,Mar 31  2020
Analyst Corner: Sun Pharmaceuticals rating ‘buy’; OAI status for Halol will delay approvals,EPS estimates down 2-4% to factor in lower generic revenue and remediation costs; key concerns priced in; TP revised to Rs 458.,https://www.financialexpress.com/market/sun-pharmaceuticals-rating-buy-oai-status-for-halol-will-delay-approvals/1913919/,Mar 31  2020
Top FMCG stocks to buy as panic buying boosts Q4 revenue,While India’s 21-day lockdown forces consumption cuts and hits economic activity| the FMCG sector is not at the worst end of the coronavirus-led economic slowdown.,https://www.financialexpress.com/market/top-fmcg-stocks-to-buy-as-panic-buying-boosts-q4-revenue/1913934/,Mar 30  2020
Coronavirus: Sebi extends implementation of stewardship code till July 1,After taking into consideration the representations| the Securities and Exchange Board of India (Sebi)| in a circular| said it has decided to extend the implementation of the stewardship code to July ,https://www.financialexpress.com/market/coronavirus-sebi-extends-implementation-of-stewardship-code-till-july-1/1913833/,Mar 30  2020
Global oil prices plunge to 2002 low but petrol| diesel rates unchanged in India,In Delhi| petrol is priced at Rs 69.59 per litre while in Mumbai it comes for Rs 75.30. Diesel is priced at Rs 62.29 per litre in Delhi and Rs 65.21 in Mumbai.,https://www.financialexpress.com/market/global-oil-prices-plunge-to-2002-low-but-petrol-diesel-rates-unchanged-in-india/1913806/,Mar 30  2020
Don’t consider lockdown-related loan repayment delays as default: Sebi to credit rating agencies,Markets regulator Sebi on Monday asked credit rating agencies not to consider as default any delay in payment of interest or principal loan amount arisen solely due to the nationwide lockdown conditio,https://www.financialexpress.com/market/dont-consider-lockdown-related-loan-repayment-delays-as-default-sebi-to-credit-rating-agencies/1913770/,Mar 30  2020
Nifty snaps 4-day gaining streak| ends below 8|300 after two sessions; what led last hour sell-off,Six stocks out of 30 Sensex stocks settled in a positive territory today| with Nestle India as the top gainer| up 4.49 per cent| followed by Tech Mahindra| Axis Bank and HUL,https://www.financialexpress.com/market/nifty-snaps-4-day-gaining-streak-ends-below-8300-after-two-sessions-what-led-last-hour-sell-off/1913691/,Mar 30  2020
Don’t know if equity markets have bottom out? Three indicators that show it is a good time to buy shares, Global markets have corrected by 30-40%| crude price has halved (reaching near 20 year low) and the world is facing a global pandemic not seen in 100 years.,https://www.financialexpress.com/market/cafeinvest/dont-know-if-share-markets-have-bottom-out-three-indicators-that-show-it-is-a-good-time-to-buy-stocks/1913624/,Mar 30  2020
IRCTC share price hits 5% upper circuit; this brokerage sees over 40% upside| check new target price,Despite near-term challenges| brokerage and research firm Prabhudas Lilladher believes IRCTC is best placed to bounce back once coronavirus fear reside.,https://www.financialexpress.com/market/irctc-share-price-hits-5-upper-circuit-this-brokerage-sees-over-40-upside-check-new-target-price/1913490/,Mar 30  2020
Fidelity looks for contra buying in India as heavy share market selling offers quality stocks on discount sale,Fidelity International is waiting to pounce on and grab the opportunity to buy shares in China and India as indiscriminate selling of high quality names is making way for attractive valuations.,https://www.financialexpress.com/market/fidelity-looks-for-contra-buying-in-india-as-heavy-share-market-selling-offers-quality-stocks-on-discount-sale/1913398/,Mar 30  2020
These 9 stocks on NSE| 16 on BSE hit 52-week highs even with Sensex| Nifty in strong bear grip,Despite a two per cent fall in Nifty 50 index| nine stocks hit 52-week highs on NSE including Abbott India| Bafna  Pharmaceuticals| Ruchi Soya Industries.,https://www.financialexpress.com/market/these-9-stocks-on-nse-16-on-bse-hit-52-week-highs-even-with-sensex-nifty-in-strong-bear-grip/1913336/,Mar 30  2020
Sun Pharma share price falls over 3%| product approvals to take a hit after USFDA initiates action,Pharmaceutical giant Sun Pharma saw its share price fall by 3.6 per cent during the early hours of trade on Monday as investors reacted to the news of the United States Food and Drug Administration cl,https://www.financialexpress.com/market/sun-pharma-share-price-falls-over-3-product-approvals-to-take-a-hit-after-usfda-initiates-action/1913227/,Mar 30  2020
Investors lose Rs 1.42 lakh crore wealth in opening trade; what’s dragging Sensex| Nifty today,Nifty Pharma index was trading 1.63 per cent higher led by gains in Cipla| Dr| Reddy’s and Lupin. On the flip side| Nifty Bank index was down 2.17 per cent,https://www.financialexpress.com/market/investors-lose-rs-1-42-lakh-crore-wealth-in-opening-trade-whats-dragging-sensex-nifty-today/1913207/,Mar 30  2020
Oil prices at 17-year lows as coronavirus ravages world,Senior US scientist Anthony Fauci estimated the virus could possibly result in 100|000 to 200|000 deaths in the United States| while President Donald Trump extended "social distancing" guidelines unti,https://www.financialexpress.com/market/oil-prices-at-17-year-lows-as-coronavirus-ravages-world/1913201/,Mar 30  2020
Market LIVE: Sensex ends 1|375 pts down as sell-off deepens in last hour; Fitch cuts India GDP growth forecast,Share Market News Today | Sensex| Nifty| Share Prices LIVE: HDFC| Tata Steel and ICICI Bank were among other Sensex losers. Barring Nifty FMCG and Pharma index| all the sectoral indices finished in re,https://www.financialexpress.com/market/share-market-today-live-updates-sensex-nifty-rupee-vs-dollar-imf-chief-recession-us-senate-rescue-package-gdp-grow-2-icra-yes-bank-share-price-coronavirus-covid19-march-30-monday/1913117/,Mar 30  2020
Analyst Corner: Kansai Nerolac rating ‘buy’ – Correction has made stock attractive,FY20-22 forecasts cut due to host of factors; upgraded to ‘Buy’ with lower TP of Rs 485.,https://www.financialexpress.com/market/analyst-corner-kansai-nerolac-rating-buy-correction-has-made-stock-attractive/1912994/,Mar 30  2020
Analyst Corner: Pharmaceuticals sector – FDA delays remain a key uncertainty after logistics,While production is on| logistics is the key challenge both for raw material and finished goods. FDA delays remain a key uncertainty after logistics.,https://www.financialexpress.com/market/analyst-corner-pharmaceuticals-sector-fda-delays-remain-a-key-uncertainty-after-logistics/1912979/,Mar 30  2020
Analyst Corner: NTPC rating ‘buy’ – Prospects are bright for the power giant,Given the business model| Covid-19 impact is likely to be negligible; valuations cheapest since they peaked in FY08; ‘Buy’ maintained.,https://www.financialexpress.com/market/analyst-corner-ntpc-rating-buy-prospects-are-bright-for-the-power-giant/1912971/,Mar 30  2020
Your Money: Markets have crashed. Should you invest now?,The best investments are made in the worst of times provided one has the mental and the financial strength to see some drawdowns in the portfolio.,https://www.financialexpress.com/market/your-money-markets-have-crashed-should-you-invest-now/1912894/,Mar 30  2020
Certificate of origin: India asks trade partners for relief to exporters,In a trade notice| the commerce ministry said the offices of customs and other authorities that issue the certificates of origin are shut and are| therefore| unable to discharge their duties. ,https://www.financialexpress.com/market/certificate-of-origin-india-asks-trade-partners-for-relief-to-exporters/1912951/,Mar 30  2020
Right time to invest in equities; opt SIP route for investment: Experts,The spread of the novel coronavirus and slump in international crude oil prices have eroded market sentiment and contributed to the high volatility in the equity markets. ,https://www.financialexpress.com/market/right-time-to-invest-in-equities-opt-sip-route-for-investment-experts/1912632/,Mar 29  2020
Seven of top-10 most valued companies add Rs 1.23 lakh cr in m-cap; Infosys| RIL lead,The market cap of Infosys zoomed Rs 29|215.96 crore to Rs 2|78|339.46 crore| the most among the top-10 firms.
RIL's valuation jumped Rs 28|716.88 crore to Rs 6|75|448.95 crore. ,https://www.financialexpress.com/market/seven-of-top-10-most-valued-companies-add-rs-1-23-lakh-cr-in-m-cap-infosys-ril-lead/1912596/,Mar 29  2020
Coronavirus scare: FPIs pull out over Rs 1 lakh cr in March,In order to contain the spread of coronavirus| lockdowns have become a norm world over and have led the FPIs to adopt a cautious stance| market experts said.,https://www.financialexpress.com/market/coronavirus-scare-fpis-pull-out-over-rs-1-lakh-cr-in-march/1912567/,Mar 29  2020
Uttar Pradesh government to start crop procurement from April 2,The government will buy 2.64 lakh metric tonne mustard| 2.01 lakh metric tonne gram and 1.21 lakh metric tonne lentil on the MSP from farmers.,https://www.financialexpress.com/market/commodities/uttar-pradesh-government-to-start-crop-procurement-from-april-2/1912212/,Mar 28  2020
RBI’s TLTRO bazooka leads to significant drop in yields across debt market segments,Meanwhile| the benchmark yield fell by 8 basis points to close at about two-week low of 6.14%. During the day| the benchmark yield moved below the 6% mark before closing the session higher.,https://www.financialexpress.com/market/rbis-tltro-bazooka-leads-to-significant-drop-in-yields-across-debt-market-segments/1911829/,Mar 28  2020
COVID-19 lockdown: Centre asks states to let food processing units to buy directly from farmers,In Guntur| the largest market for chilli and other spices| farmers are not bringing their produces to mandis| prompting the state to consider bringing farmers in batches from a particular area so that,https://www.financialexpress.com/market/commodities/covid-19-lockdown-centre-asks-states-to-let-food-processing-units-to-buy-directly-from-farmers/1911837/,Mar 28  2020
Coronavirus outbreak: Maharashtra rose growers stare at losses up to Rs 60 lakh per day,According to Shivajirao Bhegade| president| Pune District Flower Growers Association| the Valentine’s Day season is followed by another flush of roses in March and April months for the wedding seaso,https://www.financialexpress.com/market/commodities/coronavirus-outbreak-maharashtra-rose-growers-stare-at-losses-up-to-rs-60-lakh-per-day/1911507/,Mar 28  2020
Tata Steel Rating: Buy; Quarter of disruption in offing for company,Sharp release in working capital may help liquidity| while the pressures of debt maturities remain low.,https://www.financialexpress.com/market/tata-steel-rating-buy-quarter-of-disruption-in-offing-for-company/1911558/,Mar 28  2020
Coronavirus crisis to impact FY21e revenues by 5.5-7.5%,Infosys & TCS remain our preferred picks as we expect better earnings & multiple defence given high quality franchise.,https://www.financialexpress.com/market/coronavirus-crisis-to-impact-fy21e-revenues-by-5-5-7-5/1911589/,Mar 28  2020
RBI repo rate cut: Bond markets cheer timely intervention,Earlier| yields fell across instruments by anywhere between 150-280 basis points while the benchmark yield fell by 8 basis points to close at about two-week low of 6.14%.,https://www.financialexpress.com/market/rbi-repo-rate-cut-bond-markets-cheer-timely-intervention/1911682/,Mar 28  2020
‘FPIs could relook at countries with credible stimulus packages’,FPIs may halt their sales when they feel that either the negative effects of Covid-19 on Indian equities has ended or the valuations have reached such levels that they adequately reflect no earnings g,https://www.financialexpress.com/market/fpis-could-relook-at-countries-with-credible-stimulus-packages/1911635/,Mar 28  2020
Post RBI announcement| equity markets run out of steam| end the day flat,The Indian rupee posted gains for the first time in the week ending the day at Rs 74.9 against the dollar| as opposed to Rs 75.19 on Thursday.,https://www.financialexpress.com/market/post-rbi-announcement-equity-markets-run-out-of-steam-end-the-day-flat/1911651/,Mar 28  2020
Reliance Industries’ shares worth over Rs 9|145 crore change hands,The shareholding data for December 2019 shows that Mukesh Dhirubhai Ambani held 0.12 per cent stake in the firm| Nita Mukesh Ambani| Isha M Ambani and Akash M Ambani held 0.11 per cent stake each whil,https://www.financialexpress.com/market/reliance-industries-shares-worth-over-rs-9145-crore-change-hands/1911725/,Mar 27  2020
With supply chains hit by coronavirus| should you buy or sell logistics shares? Three stocks to watch, Although supply chain movement of goods remains crucially important| at this juncture the question remains how should investors look to buy these stocks? ,https://www.financialexpress.com/market/with-supply-chains-hit-by-coronavirus-should-you-buy-or-sell-logistics-shares-three-stocks-to-watch/1911548/,Mar 27  2020
TCS again becomes most valued Indian firm by market cap,TCS shares rose 0.66 per cent on Friday to close at Rs 1|818.60 on the BSE| while Reliance Industries Limited (RIL) fell 0.86 per cent to Rs 1|065.50.,https://www.financialexpress.com/market/tcs-again-becomes-most-valued-indian-firm-by-market-cap/1911520/,Mar 27  2020
Volatility has pushed these two large-cap sister stocks down by 30% off highs; should you buy?,HDFC Bank and HDFC are two such companies that have fallen 30% from their 52-week highs and are now trading at attractive valuations.,https://www.financialexpress.com/market/volatility-has-pushed-these-two-large-cap-sister-stocks-down-by-30-off-highs-should-you-buy/1911379/,Mar 27  2020
Caution stock market investors! Avoid panic selling or buying of stocks amid high volatility,Amid high volatility| investors need to be extremely cautious while making trading decisions and avoid any panic selling or buying of stocks.,https://www.financialexpress.com/market/cafeinvest/caution-stock-market-investors-avoid-panic-selling-or-buying-of-stocks-amid-high-volatility/1911326/,Mar 27  2020
Nifty extends gains for 4th straight day| Sensex snaps 3-day gaining streak; what kept investors edgy,Reserve Bank of India announced a big monetary bazooka including 75 bps repo rate cut along with massive liquidity injection (first CRR cut In 7 years!) and relaxation in various measures,https://www.financialexpress.com/market/nifty-extends-gains-for-4th-straight-day-sensex-snaps-3-day-gaining-streak-what-kept-investors-edgy/1911308/,Mar 27  2020
Rapid recovery later this year? Expert suggests picking up large-cap stocks at beaten down prices,Due to the lockdowns| India will also witness a sharp contraction in GDP forecasts. FIIs have been aggressive sellers of Indian equities and with lack of buying support stocks are falling disproportio,https://www.financialexpress.com/market/cafeinvest/rapid-recovery-later-this-year-expert-suggests-picking-up-large-cap-stocks-at-beaten-down-prices/1911198/,Mar 27  2020
Tempted by the surge in share markets? The surge might be temporary| warn analysts,After having hit a low of 26|000 points on Monday| S&P BSE Sensex has jumped more than 3|600 points in the last four trading sessions.,https://www.financialexpress.com/market/tempted-by-the-surge-in-share-markets-the-surge-might-be-temporary-warn-analysts/1911112/,Mar 27  2020
What made Sensex drop 1|700 pts from day’s high after much anticipated RBI repo rate cut,Analysts see the fall in the markets as an act of profit booking by the traders. S&P BSE Sensex was trading 108 points or 0.36 per cent down at 29|838 in early afternoon in a highly volatile session.,https://www.financialexpress.com/market/what-made-sensex-drop-1700-pts-from-days-high-after-much-anticipated-rbi-repo-rate-cut/1911073/,Mar 27  2020
RBI allows banks to trade in offshore rupee derivative,It can be noted that the ongoing financial market volatilities triggered by coronavirus outbreak dragged the rupee to touch lifetime lows and also breach the 75-mark against the US dollar before gaini,https://www.financialexpress.com/market/rbi-allows-banks-to-trade-in-offshore-rupee-derivative/1911051/,Mar 27  2020
Revise IHCL target price to Rs 139| Lemon Tree’s to Rs 53, Our analysis of IHCL and Lemon Tree indicates that the former is in a comfortable position given limited refinancing needs and also promoter backing. ,https://www.financialexpress.com/market/revise-ihcl-target-price-to-rs-139-lemon-trees-to-rs-53/1910779/,Mar 27  2020
Analyst Corner: Voltas’ concerns shift to demand from supply side,Voltas is adequately covered with respect to supplies in RACs till April end. Inventory in channel stands at 55-60 days| which is adequate for the peak summer season.,https://www.financialexpress.com/market/analyst-corner-voltas-concerns-shift-to-demand-from-supply-side/1910745/,Mar 27  2020
Share Market LIVE: After much up and down| Sensex gives up gains to end in red; RBI cuts repo rate to 4.4%,Share Market News Today | Sensex| Nifty| Share Prices LIVE: Most of the sectoral indices settled in a positive territory. Nifty Bank index gained 1.81 per cent led by Bandhan Bank| Federal Bank and Ax,https://www.financialexpress.com/market/share-market-today-live-updates-sensex-nifty-rupee-vs-dollar-rbi-governor-shaktikanta-das-finance-minister-nirmala-sitharaman-economic-relief-package-coronavirus-covid-19-march-27-friday/1910762/,Mar 27  2020
‘Corporate bond market should stabilise as we enter new fiscal’,Given the dent that is estimated on the GDP and also expected general slowdown across all sectors| there is a case for cutting rate by 50 bps. Globally| central bank have reversed their stand very qui,https://www.financialexpress.com/market/corporate-bond-market-should-stabilise-as-we-enter-new-fiscal/1910642/,Mar 27  2020
RBSA estimates valuation of LIC in Rs 9.90-11.50L crore range,LIC shares its total surplus between policyholders and shareholders in the ratio of 95:5| irrespective of policy product mix so lower profits are shared with the shareholders. ,https://www.financialexpress.com/market/rbsa-estimates-valuation-of-lic-in-rs-9-90-11-50l-crore-range/1910646/,Mar 27  2020
‘It is all about cash flows to tide over the period of no production or sales’,Market could test lows globally from here if the shutdown goes beyond what everyone is hoping for at the moment. Everyone wants to start getting things back to normal by April or May. ,https://www.financialexpress.com/market/it-is-all-about-cash-flows-to-tide-over-the-period-of-no-production-or-sales/1910683/,Mar 27  2020
Closing in the green: Markets give a thumbs up to Sitharaman’s relief package,Financial stocks were the biggest contributors to the day’s rally contributing 163 points to Nifty.  The top gainers were IndusInd Bank (see chart)| Larsen and Toubro| Bajaj Finance| Bharti Airtel ,https://www.financialexpress.com/market/closing-in-the-green-markets-give-a-thumbs-up-to-sitharamans-relief-package/1910599/,Mar 27  2020
Exchanges cut trading time for commodities derivative market,Market experts said that fewer trading hours could impact trading volumes in the exchanges. The usual trading hours for the commodities market is between 9 am and 11 pm. The commodities market usually,https://www.financialexpress.com/market/exchanges-cut-trading-time-for-commodities-derivative-market/1910596/,Mar 27  2020
Bonds rally on reports stating RBI may absorb part of extra bond supply in FY21,Experts say that with the market sitting on huge cash and refusing to deploy it in the current environment| the Treps rate has crashed in recent times.,https://www.financialexpress.com/market/bonds-rally-on-reports-stating-rbi-may-absorb-part-of-extra-bond-supply-in-fy21/1910676/,Mar 27  2020
Country sees 10 IPOs in March quarter; median deal size just $1 million,During the first quarter| the IPO (initial public offering) of SBI Cards and Payments was also the biggest in over two years. The issue size was USD 1.4 billion and the issue was subscribed over 22 ti,https://www.financialexpress.com/market/country-sees-10-ipos-in-march-quarter-median-deal-size-just-1-million/1910361/,Mar 26  2020
Hotels lose customers as a third of the world told to stay indoors; analysts pin hope on revival package,With one-third of the world’s population having been asked to stay indoors| the hospitality industry is facing a crisis of not having some to be hospitable to. ,https://www.financialexpress.com/market/hotels-lose-customers-as-a-third-of-world-told-to-stay-indoors-analysts-pin-hope-on-revival-package/1910330/,Mar 26  2020
Listed firms allowed to delay AGMs by a month| SEBI eases norms for companies under lockdown,According to the circular issued by the market regulator| top 100 listed companies by market capitalisation will get a one month relaxation on holding of Annual General Meeting (AGM).,https://www.financialexpress.com/market/listed-firms-allowed-to-delay-agms-by-a-month-sebi-eases-norms-for-companies-under-lockdown/1910255/,Mar 26  2020
Sensex ends 1|400 pts higher| still at 3-year low level; check what lifted investor sentiment today,Even as Sensex rallied over 1|400 points to settle at 29|946| the 30-share index is still at a three year low level. Sensex touched 29|804 level in May 2017.,https://www.financialexpress.com/market/sensex-ends-1400-pts-higher-still-at-3-year-low-level-check-what-lifted-investor-sentiment-today/1910249/,Mar 26  2020
Coronavirus lockdown: Anmi urges Sebi to allow systematic closure of stock markets,A 21-day nationwide lockdown is in force in the country to contain the spread of coronavirus pandemic. In its letter to Sebi on Wednesday| Association of National Exchanges Members of India (Anmi) has,https://www.financialexpress.com/market/coronavirus-lockdown-anmi-urges-sebi-to-allow-systematic-closure-of-stock-markets/1910233/,Mar 26  2020
Gold prices fall below Rs 42|000 today| snap three day gaining streak; silver rates slump,Globally| too| gold prices fell| as the investors awaited the passage of $2 trillion US stimulus package to fight against the economic impact of the coronavirus pandemic.,https://www.financialexpress.com/market/commodities/gold-prices-fall-below-rs-42000-today-snap-three-day-gaining-streak-silver-rates-slump/1909894/,Mar 26  2020
Asian markets mixed as US lawmakers debate stimulus, The unprecedented USD 2 trillion plan - described by Senate Majority Leader Mitch McConnell as a "wartime level of investment" - helped spur a surge across global equities as panicked traders worried,https://www.financialexpress.com/market/asian-markets-mixed-as-us-lawmakers-debate-stimulus/1909830/,Mar 26  2020
Sensex rallies 1|500 pts to reclaim 30|000| Nifty tops 8700; check what’s behind D-Street rally today,All the sectoral indices were trading in green. Nifty Private Bank index was trading more than 10 per cent higher led by IndusInd Bank| Bandhan Bank and Federal Bank,https://www.financialexpress.com/market/sensex-rallies-1500-pts-to-reclaim-30000-nifty-tops-8700-check-whats-behind-d-street-rally-today/1909823/,Mar 26  2020
Market Highlights: Sensex ends 1|400 pts up| Nifty above 8|600; HDFC| IndusInd Bank lead; FM unveils relief package,Share Market News Today | Sensex| Nifty| Share Prices Highlights: As many as 26 stocks out of 30 Sensex stocks finished trading in a positive territory. IndusInd Bank was the top Sensex gainer through,https://www.financialexpress.com/market/share-market-today-live-updates-sensex-nifty-rupee-vs-dollar-india-economic-relief-package-coronavirus-countrywide-shutdown-finmin-march-26-thursday/1909728/,Mar 26  2020
Relief Rally: Stock markets roar back to life smartly,Following measures announced by the market regulator| volumes and volatility have come down. The India Volatility Index (VIX) declined and ended the day at 76.9%.,https://www.financialexpress.com/market/relief-rally-stock-markets-roar-back-to-life-smartly/1909617/,Mar 26  2020
Futures and Options volumes shrink after Sebi’s new guidelines kick in,One of the reasons for the volumes coming down sharply is also because of the sharp rise in options premium.,https://www.financialexpress.com/market/sebi-fo-markets-futures-and-options-lockdown-coronavirus/1909613/,Mar 26  2020
Credit and fixed income markets need help: Ananth Narayan| professor-finance at SPJIMR,Amidst FPI and domestic mutual fund redemptions| risk aversion| and market illiquidity| we’re seeing even quasi-sovereign short-term paper being dealt at 9%. ,https://www.financialexpress.com/market/credit-and-fixed-income-markets-need-help-ananth-narayan-professor-finance-at-spjimr/1909550/,Mar 26  2020
Covid-19: Asset quality woes to rise amid slowing credit growth| says Icra,Rating agency Icra has estimated that bank credit growth will hit a multi-decadal low of 5-6% for FY20| while asset quality issues are likely to resurface in a slowing economy| amid the Covid-19 pande,https://www.financialexpress.com/market/covid-19-asset-quality-woes-to-rise-amid-slowing-credit-growth-says-icra/1909647/,Mar 26  2020
Bajaj Finance says no analyst call held on its asset quality,False details were being circulated regarding a Bajaj Finance conference call scheduled on Tuesday to discuss the impact of Covid-19 with analysts and investors.,https://www.financialexpress.com/market/bajaj-finance-says-no-analyst-call-held-on-its-asset-quality/1909516/,Mar 26  2020
Analyst Corner: ‘Buy’ on Tech Mahindra; fair value at Rs 680,A 39% correction in the stock price more than captures this risk. Positives remain of leadership in telecom| 5G opportunity albeit delayed| a sharper go-to-market in enterprise segment and improved ca,https://www.financialexpress.com/market/analyst-corner-buy-on-tech-mahindra-fair-value-at-rs-680/1909508/,Mar 26  2020
Maharashtra sugar mills seek nod to continue crushing during lockdown,Some 26 factories in the state are still functional and these need to continue since the season is in its last leg and cannot be stopped in the middle| said Sanjay Khatal| MD of the federation. ,https://www.financialexpress.com/market/commodities/maharashtra-sugar-mills-seek-nod-to-continue-crushing-during-lockdown/1909496/,Mar 26  2020
Investor wealth rises by Rs 6.63 lakh cr in two days of market rally,Investors' wealth rose by Rs 6|63|240.78 crore in two days of market rally as sentiment improved in anticipation of a stimulus package by the government to cushion the economic blow of coronavirus. ,https://www.financialexpress.com/market/investor-wealth-rises-by-rs-6-63-lakh-cr-in-two-days-of-market-rally/1909520/,Mar 25  2020
NBFC shares immune to Coronavirus? Three stocks that may gain up to 63%| beat downfall,In the beginning of March| the impact of Coronavirus on Non-Banking Financial Companies (NBFC) was termed as ‘fairly insignificant’ as the sluggish economy remained one of the biggest worries. Now,https://www.financialexpress.com/market/nbfc-shares-immune-to-coronavirus-three-stocks-that-may-gain-up-to-63-beat-downfall/1909344/,Mar 25  2020
ICRA says Yes Bank still requires up to Rs 13|000 crore in 1-2 years| upgrades various bond programmes,The ratings firm said it has upgraded the ratings without the passage of the 90-day curing period as an exception in this case| in light of the reconstruction of the bank under Section 45 of the Banki,https://www.financialexpress.com/market/icra-says-yes-bank-still-requires-up-to-rs-13000-crore-in-1-2-years-upgrades-various-bond-programmes/1909319/,Mar 25  2020
After a strong bounce-back from recent lows| charts suggest these two stocks could surge further,Markets continued to fall this week. A strong bounce back in the last two sessions from the lows helped to erase some of the losses seen in the early part of the week. ,https://www.financialexpress.com/market/cafeinvest/after-a-strong-bounce-back-from-recent-lows-charts-suggest-these-two-stocks-could-surge-further/1909241/,Mar 25  2020
RIL| HDFC twins send Sensex 1|860 pts up; check what fuelled D-St to post biggest 1-day gain since 2009,Nifty Financial Services index jumped 9.69 per cent led by gains in ICICI Prudential Life Insurance Company| ICICI Lombard General Insurance Company and Shriram Transport Finance Company,https://www.financialexpress.com/market/ril-hdfc-twins-send-sensex-1860-pts-up-check-what-fuelled-d-st-to-post-biggest-1-day-gain-since-2009/1909148/,Mar 25  2020
IRCTC share price hits lower circuit on trains cancellation amid COVID-19| down 60% from record high,IRCTC share price is still up 26 per cent from its listing price| and 155 per cent from its issue price of Rs 320 per share,https://www.financialexpress.com/market/irctc-share-price-hits-lower-circuit-on-trains-cancellation-amid-covid-19-down-60-from-record-high/1909070/,Mar 25  2020
Risking lives| harassed by law enforcement; stock brokers struggle to reach offices amid lockdown,Stock brokers and other personnel related to capital markets continued to face difficulties in commuting to their workplaces on Wednesday amid a 21-day nationwide lockdown to contain the spread of cor,https://www.financialexpress.com/market/risking-lives-harassed-by-law-enforcement-stock-brokers-struggle-to-reach-offices-amid-lockdown/1908963/,Mar 25  2020
